scenario,model,best_params,precision,recall,f1,pr_auc
A,logreg,{'clf__C': 0.1},0.1388888888888889,0.8088235294117647,0.23706896551724138,0.3797589283839141
A,tree,"{'clf__max_depth': 8, 'clf__min_samples_leaf': 5}",0.41911764705882354,0.8382352941176471,0.5588235294117647,0.7312812582783224
A,knn,"{'clf__n_neighbors': 15, 'clf__weights': 'distance'}",0.9090909090909091,0.14705882352941177,0.25316455696202533,0.5596797547982805
B,logreg,{'clf__C': 10.0},0.21875,0.9264705882352942,0.3539325842696629,0.5069115414622241
B,tree,"{'clf__max_depth': 8, 'clf__min_samples_leaf': 10}",0.34705882352941175,0.8676470588235294,0.4957983193277311,0.7422286210006441
B,knn,"{'clf__n_neighbors': 15, 'clf__weights': 'distance'}",0.9444444444444444,0.25,0.3953488372093023,0.6422570639795546
C,logreg,{'clf__C': 0.1},0.1694915254237288,0.8823529411764706,0.2843601895734597,0.44046949083246106
C,tree,"{'clf__max_depth': 5, 'clf__min_samples_leaf': 10}",0.391304347826087,0.9264705882352942,0.5502183406113537,0.8762972577439841
C,knn,"{'clf__n_neighbors': 15, 'clf__weights': 'distance'}",0.9523809523809523,0.29411764705882354,0.449438202247191,0.6576262260163079
